firstName,lastName,phoneNumber,id
Mandi,Chinnery,1115127423,fefc90eb-72b7-434a-9b10-62975e939f36
Bernarr,Lucock,1638805078,40d3eb54-a36e-483d-87cb-754b300e93fa
Malanie,Pentecust,2587813373,a0355fc2-e22e-4148-9dcb-399245e39f08
Kendell,Mannering,7103872790,d93b7cdf-2081-4c65-b47c-60f63f053391
Agna,Landes,2186499164,546728d1-43be-4601-94fd-0069d0269651
Edgardo,Cyster,3635220665,9f5d2326-8540-4058-b06c-054d73ad9441
Casie,Andriss,5897540635,24b9b3a5-a45d-4d07-81e4-da289f807a4c
Fionna,Tanswell,4751791334,4848a49c-7439-4a56-bca9-d8724bb6a9ae
Stanfield,Ox,6266561335,d4c23ed0-c152-460a-8933-eeefc96e09d8
Nichol,Astley,5651567864,ad2d62ea-318c-42cd-83cb-964b7ba09250
Alric,Mulderrig,8805734013,7016649c-9089-4d09-ade4-6de1704ed1b2
Bernadene,Abell,3614525329,2a30d326-adf6-444d-af88-422ada09101d
Pollyanna,Tollemache,6091883638,aa31fa3a-ce8c-4c21-b181-de68f80f4693
Lay,Godard,8547278458,1a245f37-220d-4a25-b167-6874ac9413a2
Mirella,Muriel,6199967786,f6f9e158-fe09-466c-a8e3-99bd9404eee2
Shadow,Downage,7872952655,d52f572d-89e9-4253-b3d0-4ff0d74693e0
Tamra,Clarke-Williams,7144957864,7f76ed07-fb18-4276-a896-3b6033ec4c06
Aguistin,Hatherell,2165018053,86de7bd2-52a6-47e0-9cd1-ed7c90fe185e
Valaree,Renard,7981929753,aab9f10f-79e7-4236-a250-91afc6224ccd
Virgie,O'Mullaney,3346953611,8b2edb1a-a3ed-48cf-ab4c-78e8a6104be1
Pearle,Rosingdall,2465068153,c3ecd822-acdb-4b1f-9c66-7daa7b91d44a
Garvey,Moulder,6069310431,4c586ec5-de53-4e50-929d-b07b1b01fc18
Athena,Ramsdale,4462986513,078b11c3-8ca6-4011-a62e-d4155f16a606
Lynna,Cowden,4269773792,0f125513-e828-47c7-8800-7aae1c07f5ae
Mauricio,Piercy,8008653024,239b75ad-2428-43a1-8041-b6d0bf8a9b39
Candi,McHugh,4225360583,f4c7b269-de69-4563-8a96-1b9da080e47a
Salli,Holtom,4678116588,d41112c2-4943-45d5-b49d-689040e87221
Kirstyn,Markey,4355307402,db82658f-bb51-4816-a87e-aee4cbf8edcb
Merrick,Olexa,9058533492,b0d6a093-03e9-42ab-8792-cc677166afad
Alyse,Ditt,8071901329,b752a827-5a94-4a09-bed7-e17bdedad388
Latashia,Bolver,6618705139,8a1e125a-4bdd-4e90-9b08-02d6b548f42d
Norby,Goakes,4534734141,bdba5d36-81eb-424b-8fda-fb42dd46ca00
Marcie,Giffon,6971934545,64171fdc-8ea2-4ba0-a3ab-9657ad1e8848
Fina,Webb,7193190949,b4625fc9-60fd-4377-b13a-4374b97ca9e4
Abigale,Halgarth,6981842773,d72eacce-b1dd-4f52-841c-b3aed948da0e
Launce,Cocozza,9105883324,d661f065-9f71-48ba-a55c-07b3c438628e
Klemens,Onions,4746565860,3ed81ad8-6659-4ae8-a23b-80096ffab5cb
Wright,De Simone,5489550964,939cfefe-4376-4931-a3bd-5a7db6976704
Burty,Stitt,3739760133,d1727a1e-7a55-46ef-9838-59486fc90b3b
Pauline,Breache,6105954167,cce51c14-ed2c-423d-9f79-c1b8dd889823
Sherwin,Twelvetree,3803387261,50ee0eef-99a2-4df6-9964-157e1ee976e7
Myra,Moisey,7225632631,002eaf5c-a4f9-4ce6-97df-609402834515
Hilario,Sudy,4763635759,095a3e70-cb7c-429f-86ad-64faa8ad4b49
Sergio,Vasilik,1761044395,92923634-9cde-4a3f-92cb-8dc07c5fce69
Jaynell,Cook,3725631549,7b472a60-0288-4d74-87e0-c610f8acd05d
Jillian,Calken,3507660057,5a9e0e1f-451d-4047-9bff-5c5d99750caa
Aldric,McNabb,8628786911,206c7877-3dc3-4798-92ba-804397840a89
Tessa,Trounson,1435230863,591085ab-2cf0-4c5b-a82f-9cbd2fb2afbe
Fran,Janca,8642677980,bfa7b230-f70e-4735-a1bf-054029dedb46
Deina,Suermeiers,1745966574,cb7c1d2a-5970-47a4-92ba-9c265c37b116
Nevsa,Lambillion,8529227088,ec36e702-280c-43a1-a7a4-380788d61dc2
Sher,Strange,3329764053,34e47d22-fce1-4d56-a6e4-875235b76f68
Westley,Isacq,1427918842,a8dc9e8e-bd02-4257-a3f9-be04567df53a
Bary,Driffill,8007558724,bfbac726-b751-4a97-b5cb-742e0aac351c
Job,Le Sieur,3639254224,815cd3be-c5fa-401a-9fec-f2bcdc75d72b
Hyacintha,Milton,7892763832,3c7bb631-0848-44d1-bef0-15421d1c162f
Corabella,Mapstone,3419551618,6ee1d805-1d60-4776-b335-6253ff489d83
Phelia,Gulberg,2604671005,d80ee22f-394d-4940-9135-aef73210dcdc
Yolande,Tregien,5918739900,c6dde9fd-51a4-42a3-9ff3-6c24eff88cb7
Rheta,Gatchel,5748778759,da23afef-288e-4066-b2f9-d9a94d35bc10
Belvia,Aldous,6418453721,31be4751-9532-4743-8ce2-1def3ff2e853
Persis,Drinkel,4421460922,f1a1ac7c-581b-4a42-9749-dc1e448397e6
Esta,Smy,6942556595,2c84725e-6e41-4d31-8c15-7ff895f574d7
Junie,Pechold,2637128445,77a8d92d-6e5c-4bd1-b11d-380c93664f04
Taryn,Houtbie,6693623882,51f9b22d-625d-4255-847d-dfcdc7a9c454
Fredek,Sealand,3028669282,44ea9751-2d51-4066-b2e4-c534a10a6911
Inglebert,Fridd,3655905506,7a785e44-6e9d-4e67-a985-581406abfbe6
Northrop,Boor,6983203158,b76f88bc-1bbb-4448-b596-622ba415f286
Orelle,Jimenez,4014513046,4a4b9ca7-275f-4a26-a6cc-3b353265b88d
Catharina,Suggate,2742049371,bea53db7-a72b-41a7-a2c9-4fe3b5b37c0d
Bale,Izak,4807181854,5c5aefb9-7770-42e1-a6ba-79ed09c7214f
Shauna,Cleary,9343469961,a5db92f6-6ba8-4fbf-b288-93856ff9886d
Saundra,Ceschini,4631658844,7425d259-7137-43b5-b417-d1b26104fb76
Evita,Hundal,2498800101,1edf6281-7980-4491-8292-4adff483b92a
Malanie,Novotna,1673826455,1c22a4f7-2504-48a4-bf7b-7c083b7950d9
Moina,Gabbatiss,7283856812,cd556e80-34a9-4d0a-b3f4-498c0685db76
Bruis,Darco,9885447094,7ffacfa1-fa8c-4b18-85ad-f71af56f27bf
Christel,MacHoste,5542529150,0360fef7-0cc3-42ff-9c06-6cedb4ea2f8e
Justis,Circuitt,8876643535,9be02f4b-d7db-4592-9c80-b450c2b815ac
Marylee,Libreros,1973759728,42925c32-0933-40d8-9eee-f6784ea0fdad
Merrill,Chipps,5635501700,873dbd9f-91ec-41d7-b2ad-4662ad466ddf
Adolph,Maides,2111610404,90a4dea9-91a4-4363-8dc0-50ef22af62f9
Lion,Gallaway,7586781969,f36a427c-7ace-4ae2-b334-480f7f4bfafb
Stephanie,Ascrofte,4857381709,670c1302-d139-4769-8e69-6836a3ea9b3f
Annmarie,Klammt,9675357158,2d094c18-286e-43c4-a535-471f3dce1458
Emmy,Bingell,2412639249,f4ec36aa-aa71-4658-9135-ab27a6428f53
Mariska,Stowell,1448369945,9deb53b1-da49-4251-aa5f-c8461b914ae3
Lacy,Tomaselli,4957891158,7fee8424-2046-45d3-bd6b-0106566e93be
Neil,Le Friec,3925852169,37c2999c-3119-41e7-8c65-4382879635a3
Bree,Casoni,2452588580,02d32f67-17a1-4d10-9656-369a4bd82428
Phyllis,Fetherston,3684116213,625607a1-be52-4ed5-97d3-5d39532f669e
Reidar,Barefoot,6605796624,a01092b0-5bd0-4261-bf5d-bf88b650f345
Tania,Ordish,7887238455,577264a7-acd9-49c1-aee9-5e87af30237e
Ellynn,Lettuce,1303883389,96294b87-02c2-4e96-9a3d-06c3cdc5a9a8
Sheena,Georgiev,6342017777,6b4ed09f-fde0-4163-87c7-2194e6a7a7b9
Joly,Overton,3846600705,c23feffe-61f2-427c-b5f4-ecbe76c1a04f
Clarisse,Brunelli,3278993895,82293b80-2f02-41a8-b2dd-5176142715fc
Rutherford,Laverack,9678356898,c3e11c8d-3609-486c-a10b-54e491e028ba
Iorgos,Toal,5036015651,dcff6682-8477-4a52-bbcc-9dd13410ecd2
Parke,Sterricker,7231698776,954fd364-744c-416c-b8ac-09974fe0e729
